Workbook

Sheet Instrucciones
B1: Captura del postest · instrumento de madurez en seguridad de la informacion
B2: Servicio de Impuestos Nacionales · laboratorio del Prototipo II
B4: Que contiene este libro
B5: El libro esta vacio de respuestas. Al escribir el valor de cada reactivo en la hoja Matriz, las hojas siguientes calculan solas la madurez por instrumento, la madurez por grupo, la madurez global, la fiabilidad del instrumento y la distancia respecto del pretest. Ninguna cifra esta escrita de antemano.
B7: Orden de trabajo
B8: 1. Abra la hoja Registro y anote los treinta respondentes con su rol y la fecha de aplicacion.
B9: 2. Entregue el instrumento en blanco a cada respondente y recoja las respuestas.
B10: 3. Abra la hoja Matriz y escriba en cada celda el valor del reactivo, con un numero entero de 0 a 4.
B11: 4. Lea las hojas Por instrumento, Por grupo y Global, que ya estan calculadas.
B12: 5. Use la hoja Fiabilidad para comprobar el alfa de Cronbach antes de informar.
B14: Como se asigna el valor
B15: Cada reactivo tiene cinco rangos ordenados de mejor a peor. El valor 4 corresponde al rango mas alto y el valor 0 al mas bajo. Si la metrica no se mide o no existe, el valor correcto es 0, porque un proceso que no se mide no puede gestionarse ni mejorarse.
... B25: El pretest y el postest solo son comparables si se aplican a los mismos roles y con el mismo instrumento. Si cambia el número de respondentes o su composicion, el contraste debe declararse como comparacion entre grupos y no como medicion del cambio.

Sheet Registro
A1: ID | B1: Nombre del respondente | C1: Rol funcional | D1: Fecha de aplicacion | E1: Instrumento recibido
A2: R01
A3: R02
A4: R03
A5: R04
A6: R05
A7: R06
A8: R07
A9: R08
A10: R09
A11: R10
A12: R11
A13: R12
... A31: R30

Sheet Matriz
A1: Reactivo | B1: Instrumento | C1: Grupo | D1: Texto del reactivo | E1: R01 | F1: R02 | G1: R03 | H1: R04 | I1: R05 | J1: R06 | K1: R07 | L1: R08 | M1: R09 | N1: R10 | O1: R11 | P1: R12 | Q1: R13 | R1: R14 | S1: R15 | T1: R16 | U1: R17 | V1: R18 | W1: R19 | X1: R20 | Y1: R21 | Z1: R22 | AA1: R23 | AB1: R24 | AC1: R25 | AD1: R26 | AE1: R27 | AF1: R28 | AG1: R29 | AH1: R30
A2: R01 | B2: I01 | C2: G1 | D2: En los últimos 30 días, ¿qué porcentaje de eventos de seguridad registrados por el sistema de monitoreo contienen TODOS los campos mínimos (fecha/hora, dirección de origen, tipo de evento, identificador de la fuente)?
A3: R02 | B3: I01 | C3: G1 | D3: En los últimos 30 días, ¿cuál fue el TIEMPO PROMEDIO (en minutos) entre que se generó el evento de seguridad y quedó registrado en el sistema central de monitoreo?
A4: R03 | B4: I01 | C4: G1 | D4: En los últimos 30 días, ¿cuál fue el TIEMPO MÁXIMO para el 95% de eventos (percentil 95) desde la detección hasta su registro?
A5: R04 | B5: I01 | C5: G1 | D5: En los últimos 30 días, ¿qué disponibilidad tuvo el sistema de detección y monitoreo (porcentaje de tiempo activo y registrando)?
A6: R05 | B6: I02 | C6: G1 | D6: En los últimos 30 días, ¿qué porcentaje de alertas registradas tienen una CATEGORÍA de ataque asignada (p. ej., fuerza bruta, escaneo, acceso no autorizado)?
A7: R06 | B7: I02 | C7: G1 | D7: En los últimos 30 días, ¿qué porcentaje de alertas incluyen EVIDENCIA MÍNIMA adjunta (registro crudo y soporte si aplica: archivo o captura)?
A8: R07 | B8: I02 | C8: G1 | D8: En los últimos 30 días, ¿qué PUNTAJE (0–100) alcanza el expediente promedio de incidente considerando completitud de: alerta, evidencia mínima, análisis y cierre?
A9: R08 | B9: I03 | C9: G1 | D9: En los últimos 90 días, ¿cuál fue el TIEMPO PROMEDIO desde que se generó la alerta hasta que se aplicó la CONTENCIÓN inicial?
A10: R09 | B10: I03 | C10: G1 | D10: En los últimos 90 días, ¿qué porcentaje de CASOS CRÍTICOS se atendió dentro del TIEMPO OBJETIVO definido por el procedimiento?
A11: R10 | B11: I03 | C11: G1 | D11: En los últimos 90 días, ¿cuál fue el NÚMERO PROMEDIO de escalamientos formales por mes?
A12: R11 | B12: I04 | C12: G1 | D12: En los últimos 6 meses, ¿qué porcentaje de incidentes RELEVANTES tiene documento de lecciones aprendidas?
A13: R12 | B13: I04 | C13: G1 | D13: En el último trimestre, ¿cuántas ACCIONES CORRECTIVAS se implementaron derivadas de incidentes?
... A43: R42 | B43: I14 | C43: G4 | D43: En el último trimestre, ¿qué porcentaje de los procesos de seguridad cuenta con métricas o indicadores formalmente definidos y revisados periódicamente?
D44: Total de puntos del respondente (sobre 168) | E44: =SUM(E2:E43) | F44: =SUM(F2:F43) | G44: =SUM(G2:G43) | H44: =SUM(H2:H43) | I44: =SUM(I2:I43) | J44: =SUM(J2:J43) | K44: =SUM(K2:K43) | L44: =SUM(L2:L43) | ... AH44: =SUM(AH2:AH43)

Sheet Por instrumento
A1: Instr. | B1: Denominacion | C1: Puntaje de la muestra | D1: Puntaje maximo | E1: % de cumplimiento | F1: Nivel | G1: % del pretest | H1: Diferencia en puntos
A2: I01 | B2: Instrumento 1 | C2: =SUM(Matriz!E2:AH5)/30 | D2: 16 | E2: =IF(D2=0,0,C2/D2*100) | F2: =IF(E2="","",IF(E2<=25,"Inicial",IF(E2<=50,"Basico",IF(E2<=75,"Gestionado","Optimizado")))) | G2: 48.54 | H2: =IF(E2="","",E2-G2)
A3: I02 | B3: Instrumento 2 | C3: =SUM(Matriz!E6:AH8)/30 | D3: 12 | E3: =IF(D3=0,0,C3/D3*100) | F3: =IF(E3="","",IF(E3<=25,"Inicial",IF(E3<=50,"Basico",IF(E3<=75,"Gestionado","Optimizado")))) | G3: 56.94 | H3: =IF(E3="","",E3-G3)
A4: I03 | B4: Instrumento 3 | C4: =SUM(Matriz!E9:AH11)/30 | D4: 12 | E4: =IF(D4=0,0,C4/D4*100) | F4: =IF(E4="","",IF(E4<=25,"Inicial",IF(E4<=50,"Basico",IF(E4<=75,"Gestionado","Optimizado")))) | G4: 58.06 | H4: =IF(E4="","",E4-G4)
A5: I04 | B5: Instrumento 4 | C5: =SUM(Matriz!E12:AH14)/30 | D5: 12 | E5: =IF(D5=0,0,C5/D5*100) | F5: =IF(E5="","",IF(E5<=25,"Inicial",IF(E5<=50,"Basico",IF(E5<=75,"Gestionado","Optimizado")))) | G5: 49.17 | H5: =IF(E5="","",E5-G5)
A6: I05 | B6: Instrumento 5 | C6: =SUM(Matriz!E15:AH17)/30 | D6: 12 | E6: =IF(D6=0,0,C6/D6*100) | F6: =IF(E6="","",IF(E6<=25,"Inicial",IF(E6<=50,"Basico",IF(E6<=75,"Gestionado","Optimizado")))) | G6: 57.22 | H6: =IF(E6="","",E6-G6)
A7: I06 | B7: Instrumento 6 | C7: =SUM(Matriz!E18:AH20)/30 | D7: 12 | E7: =IF(D7=0,0,C7/D7*100) | F7: =IF(E7="","",IF(E7<=25,"Inicial",IF(E7<=50,"Basico",IF(E7<=75,"Gestionado","Optimizado")))) | G7: 58.33 | H7: =IF(E7="","",E7-G7)
A8: I07 | B8: Instrumento 7 | C8: =SUM(Matriz!E21:AH22)/30 | D8: 8 | E8: =IF(D8=0,0,C8/D8*100) | F8: =IF(E8="","",IF(E8<=25,"Inicial",IF(E8<=50,"Basico",IF(E8<=75,"Gestionado","Optimizado")))) | G8: 47.92 | H8: =IF(E8="","",E8-G8)
A9: I08 | B9: Instrumento 8 | C9: =SUM(Matriz!E23:AH25)/30 | D9: 12 | E9: =IF(D9=0,0,C9/D9*100) | F9: =IF(E9="","",IF(E9<=25,"Inicial",IF(E9<=50,"Basico",IF(E9<=75,"Gestionado","Optimizado")))) | G9: 49.72 | H9: =IF(E9="","",E9-G9)
A10: I09 | B10: Instrumento 9 | C10: =SUM(Matriz!E26:AH28)/30 | D10: 12 | E10: =IF(D10=0,0,C10/D10*100) | F10: =IF(E10="","",IF(E10<=25,"Inicial",IF(E10<=50,"Basico",IF(E10<=75,"Gestionado","Optimizado")))) | G10: 53.06 | H10: =IF(E10="","",E10-G10)
A11: I10 | B11: Instrumento 10 | C11: =SUM(Matriz!E29:AH31)/30 | D11: 12 | E11: =IF(D11=0,0,C11/D11*100) | F11: =IF(E11="","",IF(E11<=25,"Inicial",IF(E11<=50,"Basico",IF(E11<=75,"Gestionado","Optimizado")))) | G11: 50.56 | H11: =IF(E11="","",E11-G11)
A12: I11 | B12: Instrumento 11 | C12: =SUM(Matriz!E32:AH34)/30 | D12: 12 | E12: =IF(D12=0,0,C12/D12*100) | F12: =IF(E12="","",IF(E12<=25,"Inicial",IF(E12<=50,"Basico",IF(E12<=75,"Gestionado","Optimizado")))) | G12: 52.78 | H12: =IF(E12="","",E12-G12)
A13: I12 | B13: Instrumento 12 | C13: =SUM(Matriz!E35:AH37)/30 | D13: 12 | E13: =IF(D13=0,0,C13/D13*100) | F13: =IF(E13="","",IF(E13<=25,"Inicial",IF(E13<=50,"Basico",IF(E13<=75,"Gestionado","Optimizado")))) | G13: 53.89 | H13: =IF(E13="","",E13-G13)
A14: I13 | B14: Instrumento 13 | C14: =SUM(Matriz!E38:AH40)/30 | D14: 12 | E14: =IF(D14=0,0,C14/D14*100) | F14: =IF(E14="","",IF(E14<=25,"Inicial",IF(E14<=50,"Basico",IF(E14<=75,"Gestionado","Optimizado")))) | G14: 47.78 | H14: =IF(E14="","",E14-G14)
A15: I14 | B15: Instrumento 14 | C15: =SUM(Matriz!E41:AH43)/30 | D15: 12 | E15: =IF(D15=0,0,C15/D15*100) | F15: =IF(E15="","",IF(E15<=25,"Inicial",IF(E15<=50,"Basico",IF(E15<=75,"Gestionado","Optimizado")))) | G15: 53.89 | H15: =IF(E15="","",E15-G15)
B17: Madurez global (promedio de los 14 instrumentos) | E17: =AVERAGE(E2:E15) | F17: =IF(E17="","",IF(E17<=25,"Inicial",IF(E17<=50,"Basico",IF(E17<=75,"Gestionado","Optimizado"))))

Sheet Por grupo
A1: Grupo | B1: Denominacion | C1: Instrumentos | D1: % de cumplimiento | E1: % del pretest
A2: G1 | B2: Gestion de incidentes | C2: I01, I02, I03, I04 | D2: =AVERAGE('Por instrumento'!E2,'Por instrumento'!E3,'Por instrumento'!E4,'Por instrumento'!E5) | E2: 53.18
A3: G2 | B3: Evidencias y respaldo | C3: I05, I06, I07 | D3: =AVERAGE('Por instrumento'!E6,'Por instrumento'!E7,'Por instrumento'!E8) | E3: 54.49
A4: G3 | B4: Controles tecnicos | C4: I08, I09, I10 | D4: =AVERAGE('Por instrumento'!E9,'Por instrumento'!E10,'Por instrumento'!E11) | E4: 51.53
A5: G4 | B5: Gestion organizacional y mejora | C5: I11, I12, I13, I14 | D5: =AVERAGE('Por instrumento'!E12,'Por instrumento'!E13,'Por instrumento'!E14,'Por instrumento'!E15) | E5: 51.85
B7: Amplitud entre el grupo mas alto y el mas bajo | D7: =MAX(D2:D5)-MIN(D2:D5)

Sheet Global
A1: Indicador | B1: Valor | C1: Origen
A2: Reactivos del instrumento | B2: 42 | C2: Hoja Matriz
A3: Instrumentos | B3: 14 | C3: Hoja Por instrumento
A4: Respondentes previstos | B4: 30 | C4: Hoja Registro
A5: Respondentes con respuesta completa | B5: =SUMPRODUCT(--(COUNTIF(OFFSET(Matriz!E2,0,0,42,30),Matriz!E2:E42)=42)) | C5: Cuenta los respondentes que completaron los 42 reactivos
A6: Madurez global del postest | B6: ='Por instrumento'!E16 | C6: Promedio de los catorce instrumentos
A7: Nivel de madurez del postest | B7: ='Por instrumento'!F16 | C7: Corte de la ficha tecnica
A8: Madurez global del pretest | B8: 52.7 | C8: Apartado 4.1 del marco practico
A9: Diferencia en puntos porcentuales | C9: Postest menos pretest
A10: Alfa de Cronbach del postest | B10: =Fiabilidad!B3 | C10: Hoja Fiabilidad
A11: Alfa de Cronbach del pretest | B11: 0.869 | C11: Apartado 4.1.2.2 del marco practico
A12: Instrumentos en nivel Basico | B12: =COUNTIF('Por instrumento'!F2:F15,"Basico") | C12: Hoja Por instrumento
A13: Instrumentos en nivel Gestionado | B13: =COUNTIF('Por instrumento'!F2:F15,"Gestionado") | C13: Hoja Por instrumento
A14: Instrumentos en nivel Optimizado | B14: =COUNTIF('Por instrumento'!F2:F15,"Optimizado") | C14: Hoja Por instrumento

Sheet Fiabilidad
A1: Alfa de Cronbach sobre los 42 reactivos
A3: Numero de reactivos (k) | B3: 42
A4: Numero de respondentes (n) | B4: 30
A5: Suma de las varianzas de los reactivos | B5: =SUMPRODUCT(VAR.S(Matriz!E2:AH43))
A6: Varianza de la suma total por respondente | B6: =VAR.S(Matriz!E44:AH44)
A7: Alfa de Cronbach | B7: =(B4/(B4-1))*(1-B5/B6)
A8: Interpretacion | B8: Por encima de 0,70 se considera aceptable; por encima de 0,80, buena.
A11: Nota
A12: El alfa se calcula sobre la matriz de respuestas crudas, con el valor de 0 a 4 de cada reactivo. Si el numero de respondentes cambia, la hoja B4 debe ajustarse a mano.
