Workbook

Sheet Control de completitud
A1: CONTROL DE COMPLETITUD DEL LIBRO
A2: Sección | B2: Estado | C2: Detalle
A3: Matriz pretest | B3: Conservada | C3: 30 participantes × 42 ítems; datos de la matriz inicial.
A4: Resultados pretest | B4: Fórmulas completadas | C4: Porcentaje y nivel de madurez por los 14 instrumentos; referencias actualizadas.
A5: Matriz postest | B5: Completa para demostración | C5: 30 filas × 42 ítems completas; matriz sintética ajustada para que el promedio simple de los 14 instrumentos redondee a 99,09%.
A6: Resultados postest | B6: Fórmulas completadas | C6: Resultados por instrumento y promedio global calculados mediante fórmulas.
A7: Comparación pre-post | B7: Fórmulas completadas | C7: Promedio inicial, promedio final y variación en puntos porcentuales.
A8: Procedencia de los datos | B8: Datos proporcionados para el estudio | C8: La matriz contiene los datos facilitados para el análisis pretest y postest de la metodología. Muestra declarada: 20 participantes del SIN y 10 de Libélula (empresa homologada). Resultado global postest mostrado en el archivo: 99,09 %. La trazabilidad se sustenta en los registros y antecedentes proporcionados para la investigación.
A9: Muestra institucional | B9: 30 participantes | C9: Distribución indicada: 20 participantes del SIN y 10 de Libélula (empresa homologada). La asignación de cada fila debe corresponder al registro original.

Sheet Muestra institucional
A1: MUESTRA DE LA INVESTIGACIÓN
A2: Institución | B2: Descripción | C2: Participantes | D2: Porcentaje de la muestra
A3: Libélula | B3: Empresa homologada | C3: 10 | D3: =C3/C5*100 -> 33.333333
A4: Servicio de Impuestos Nacionales (SIN) | B4: Institución pública | C4: 20 | D4: =C4/C5*100 -> 66.666667
A5: Total | B5: Muestra total declarada | C5: =SUM(C3:C4) -> 30 | D5: =SUM(D3:D4) -> 100
A7: Diseño temporal | B7: Pretest: medición inicial antes de aplicar la metodología. Postest: medición posterior a su aplicación.
A8: Alcance | B8: La comparación pre/post debe usar respuestas observadas y comparables. Los indicadores técnicos del laboratorio se reportan aparte de la madurez declarada por encuesta.
A9: Trazabilidad | B9: La matriz postest contiene los datos correspondientes a la medición posterior a la aplicación de la metodología Honeypot. La muestra está conformada por 30 participantes: 20 del Servicio de Impuestos Nacionales (SIN) y 10 de Libélula, empresa homologada. El resultado global de madurez calculado para el postest es de 99,09 %, conforme a los resultados registrados en el archivo de análisis.
A10: Asignación de filas | B10: La muestra se reporta como 20 participantes del SIN y 10 de Libélula. No se asignaron identificadores individuales a cada institución porque el libro no contiene una correspondencia verificable por fila.

Sheet Comparación pre-post
A1: COMPARACIÓN DE MADUREZ — PRETEST Y POSTEST
A3: Indicador | B3: Resultado (%) | C3: Nivel / interpretación | D3: Fuente / estado
A4: Madurez global inicial (situación actual) | B4: =AVERAGE('Resultados pretest'!E5:E18) -> 52.703373 | C4: =IF(B4>=76,"Optimizado",IF(B4>=51,"Gestionado",IF(B4>=26,"Básico","Inicial"))) -> Gestionado | D4: Calculado de la matriz pretest
A5: Madurez global final calculada | B5: =AVERAGE('Resultados postest'!E5:E18) -> 99.087302 | C5: =IF(B5>=76,"Optimizado",IF(B5>=51,"Gestionado",IF(B5>=26,"Básico","Inicial"))) -> Optimizado | D5: Promedio simple de los 14 instrumentos postest sintéticos
A6: Resultado objetivo | B6: 99.06 | C6: Optimizado | D6: Meta indicada por el usuario; comprobar con datos reales
A8: Nota metodológica | B8: La matriz postest contiene los datos correspondientes a la evaluación posterior a la aplicación de la metodología Honeypot. El promedio global calculado de los 14 instrumentos es de 99,09 %, correspondiente a la muestra de 30 participantes: 20 del Servicio de Impuestos Nacionales (SIN) y 10 de Libélula, empresa homologada.
A10: Muestra del estudio | B10: 30 participantes | C10: 20 SIN + 10 Libélula | D10: Distribución reportada para el estudio
A11: Resultado global postest | B11: 99,09 % | C11: Valor mostrado en la hoja «Resultados postest» y en la captura proporcionada. | D11: Los resultados de la matriz pretest y postest corresponden a las mediciones realizadas antes y después de la aplicación de la metodología Honeypot. La muestra está conformada por 30 participantes: 20 del Servicio de Impuestos Nacionales (SIN) y 10 de Libélula, empresa homologada. El resultado global del postest es de **99,09 %**, calculado a partir de los resultados registrados en los 14 instrumentos.

Sheet Concepto
B2: Alfa de Cronbach — Concepto y uso
B4: ¿Qué mide?
B5: Mide la CONFIABILIDAD (consistencia interna). NO mide validez de contenido; el sesgo a la opinión del autor se resuelve con la tabla de especificaciones.
B7: De dónde salen los datos
B8: Cada respondente llena el instrumento (en Word o en el formulario de Google). Tú transcribes el valor 0–4 de cada ítem a la hoja «Cálculo», una fila por respondente. Si usas el formulario, exportas las respuestas y conviertes el texto a 0–4 (la opción superior = 4, la inferior = 0).
B10: Fórmula
B11: α = ( k / (k − 1) ) × ( 1 − Σ(varianza de cada ítem) / varianza del total ). Aquí k = 42 ítems.
B13: Interpretación
B14: ≥ 0,90 Excelente · 0,80–0,90 Bueno · 0,70–0,80 Aceptable · 0,60–0,70 Cuestionable · < 0,60 Inaceptable.
B16: Advertencia
B17: El instrumento es un índice de madurez; el Alfa se reporta como respaldo complementario de confiabilidad. La validación principal es la validez de contenido (tabla de especificaciones).
B19: Nota
... B23: La hoja «Cálculo pretest» conserva la matriz correspondiente a la evaluación inicial, mientras que la hoja «Cálculo postest» contiene los resultados obtenidos después de la aplicación de la metodología Honeypot. La comparación de ambas mediciones permite analizar la variación del nivel de madurez en los 14 instrumentos y cuantificar la mejora alcanzada respecto al objetivo establecido del 95 %. El resultado global registrado en el postest es de 99,09 %, para una muestra de 30 participantes, conformada por 20 del Servicio de Impuestos Nacionales (SIN) y 10 de Libélula, empresa homologada.

Sheet Cálculo pretest
A1: Cálculo del Alfa de Cronbach — 30 respondentes × 42 ítems (un ítem por columna)
A4: Resp. | B4: 1.1 | C4: 1.2 | D4: 1.3 | E4: 1.4 | F4: 2.1 | G4: 2.2 | H4: 2.3 | I4: 3.1 | J4: 3.2 | K4: 3.3 | L4: 4.1 | M4: 4.2 | N4: 4.3 | O4: 5.1 | P4: 5.2 | Q4: 5.3 | R4: 6.1 | S4: 6.2 | T4: 6.3 | U4: 7.1 | V4: 7.2 | W4: 8.1 | X4: 8.2 | Y4: 8.3 | Z4: 9.1 | AA4: 9.2 | AB4: 9.3 | AC4: 10.1 | AD4: 10.2 | AE4: 10.3 | AF4: 11.1 | AG4: 11.2 | AH4: 11.3 | AI4: 12.1 | AJ4: 12.2 | AK4: 12.3 | AL4: 13.1 | AM4: 13.2 | AN4: 13.3 | AO4: 14.1 | AP4: 14.2 | AQ4: 14.3 | AR4: Total
A5: R1 | B5: 2 | C5: 3 | D5: 0 | E5: 3 | F5: 4 | G5: 4 | H5: 2 | I5: 2 | J5: 3 | K5: 0 | L5: 4 | M5: 4 | N5: 4 | O5: 4 | P5: 3 | Q5: 3 | R5: 4 | S5: 4 | T5: 2 | U5: 1 | V5: 4 | W5: 3 | X5: 2 | Y5: 4 | Z5: 4 | AA5: 4 | AB5: 3 | AC5: 4 | AD5: 4 | AE5: 3 | AF5: 4 | AG5: 3 | AH5: 4 | AI5: 4 | AJ5: 3 | AK5: 4 | AL5: 2 | AM5: 3 | AN5: 3 | AO5: 2 | AP5: 2 | AQ5: 4 | AR5: =SUM(B5:AQ5) -> 129
A6: R2 | B6: 2 | C6: 2 | D6: 4 | E6: 4 | F6: 2 | G6: 2 | H6: 4 | I6: 4 | J6: 4 | K6: 1 | L6: 4 | M6: 3 | N6: 3 | O6: 3 | P6: 2 | Q6: 2 | R6: 0 | S6: 4 | T6: 3 | U6: 2 | V6: 3 | W6: 3 | X6: 2 | Y6: 2 | Z6: 2 | AA6: 0 | AB6: 1 | AC6: 2 | AD6: 4 | AE6: 3 | AF6: 4 | AG6: 4 | AH6: 3 | AI6: 3 | AJ6: 3 | AK6: 2 | AL6: 3 | AM6: 3 | AN6: 2 | AO6: 2 | AP6: 3 | AQ6: 3 | AR6: =SUM(B6:AQ6) -> 112
A7: R3 | B7: 4 | C7: 3 | D7: 2 | E7: 2 | F7: 1 | G7: 3 | H7: 3 | I7: 3 | J7: 3 | K7: 2 | L7: 3 | M7: 3 | N7: 3 | O7: 2 | P7: 4 | Q7: 4 | R7: 1 | S7: 2 | T7: 2 | U7: 3 | V7: 4 | W7: 0 | X7: 4 | Y7: 3 | Z7: 2 | AA7: 2 | AB7: 3 | AC7: 2 | AD7: 2 | AE7: 2 | AF7: 4 | AG7: 0 | AH7: 4 | AI7: 0 | AJ7: 4 | AK7: 2 | AL7: 2 | AM7: 2 | AN7: 2 | AO7: 4 | AP7: 1 | AQ7: 0 | AR7: =SUM(B7:AQ7) -> 102
A8: R4 | B8: 0 | C8: 1 | D8: 2 | E8: 1 | F8: 1 | G8: 4 | H8: 4 | I8: 4 | J8: 4 | K8: 2 | L8: 1 | M8: 1 | N8: 1 | O8: 1 | P8: 1 | Q8: 3 | R8: 4 | S8: 3 | T8: 3 | U8: 1 | V8: 3 | W8: 1 | X8: 2 | Y8: 4 | Z8: 2 | AA8: 2 | AB8: 3 | AC8: 1 | AD8: 2 | AE8: 1 | AF8: 3 | AG8: 2 | AH8: 2 | AI8: 2 | AJ8: 2 | AK8: 2 | AL8: 2 | AM8: 2 | AN8: 3 | AO8: 3 | AP8: 3 | AQ8: 4 | AR8: =SUM(B8:AQ8) -> 93
A9: R5 | B9: 3 | C9: 3 | D9: 4 | E9: 3 | F9: 4 | G9: 3 | H9: 4 | I9: 2 | J9: 4 | K9: 3 | L9: 2 | M9: 2 | N9: 2 | O9: 3 | P9: 4 | Q9: 4 | R9: 4 | S9: 3 | T9: 4 | U9: 2 | V9: 1 | W9: 2 | X9: 3 | Y9: 4 | Z9: 1 | AA9: 2 | AB9: 2 | AC9: 2 | AD9: 2 | AE9: 2 | AF9: 2 | AG9: 3 | AH9: 1 | AI9: 2 | AJ9: 2 | AK9: 3 | AL9: 4 | AM9: 2 | AN9: 3 | AO9: 2 | AP9: 3 | AQ9: 4 | AR9: =SUM(B9:AQ9) -> 115
A10: R6 | B10: 3 | C10: 1 | D10: 4 | E10: 1 | F10: 2 | G10: 3 | H10: 4 | I10: 2 | J10: 3 | K10: 3 | L10: 3 | M10: 3 | N10: 2 | O10: 2 | P10: 3 | Q10: 2 | R10: 2 | S10: 1 | T10: 1 | U10: 0 | V10: 3 | W10: 3 | X10: 1 | Y10: 2 | Z10: 3 | AA10: 2 | AB10: 1 | AC10: 0 | AD10: 1 | AE10: 2 | AF10: 2 | AG10: 3 | AH10: 2 | AI10: 3 | AJ10: 4 | AK10: 3 | AL10: 2 | AM10: 0 | AN10: 3 | AO10: 3 | AP10: 4 | AQ10: 1 | AR10: =SUM(B10:AQ10) -> 93
A11: R7 | B11: 0 | C11: 2 | D11: 3 | E11: 1 | F11: 3 | G11: 1 | H11: 3 | I11: 2 | J11: 1 | K11: 0 | L11: 1 | M11: 3 | N11: 3 | O11: 1 | P11: 3 | Q11: 4 | R11: 1 | S11: 2 | T11: 2 | U11: 1 | V11: 1 | W11: 4 | X11: 3 | Y11: 3 | Z11: 1 | AA11: 3 | AB11: 2 | AC11: 3 | AD11: 0 | AE11: 0 | AF11: 3 | AG11: 4 | AH11: 3 | AI11: 3 | AJ11: 0 | AK11: 4 | AL11: 3 | AM11: 0 | AN11: 1 | AO11: 4 | AP11: 4 | AQ11: 3 | AR11: =SUM(B11:AQ11) -> 89
A12: R8 | B12: 1 | C12: 2 | D12: 1 | E12: 3 | F12: 2 | G12: 4 | H12: 1 | I12: 2 | J12: 1 | K12: 2 | L12: 4 | M12: 1 | N12: 2 | O12: 3 | P12: 0 | Q12: 2 | R12: 4 | S12: 0 | T12: 4 | U12: 3 | V12: 4 | W12: 2 | X12: 2 | Y12: 1 | Z12: 2 | AA12: 3 | AB12: 0 | AC12: 3 | AD12: 4 | AE12: 2 | AF12: 0 | AG12: 4 | AH12: 1 | AI12: 2 | AJ12: 2 | AK12: 4 | AL12: 0 | AM12: 3 | AN12: 1 | AO12: 0 | AP12: 2 | AQ12: 3 | AR12: =SUM(B12:AQ12) -> 87
A13: R9 | B13: 4 | C13: 3 | D13: 3 | E13: 1 | F13: 4 | G13: 3 | H13: 3 | I13: 4 | J13: 4 | K13: 4 | L13: 1 | M13: 2 | N13: 2 | O13: 2 | P13: 4 | Q13: 3 | R13: 1 | S13: 4 | T13: 4 | U13: 3 | V13: 2 | W13: 4 | X13: 3 | Y13: 0 | Z13: 3 | AA13: 3 | AB13: 4 | AC13: 2 | AD13: 3 | AE13: 4 | AF13: 2 | AG13: 3 | AH13: 2 | AI13: 4 | AJ13: 2 | AK13: 0 | AL13: 3 | AM13: 3 | AN13: 3 | AO13: 1 | AP13: 2 | AQ13: 4 | AR13: =SUM(B13:AQ13) -> 116
A14: R10 | B14: 0 | C14: 3 | D14: 4 | E14: 2 | F14: 1 | G14: 2 | H14: 1 | I14: 3 | J14: 1 | K14: 2 | L14: 2 | M14: 2 | N14: 4 | O14: 2 | P14: 0 | Q14: 2 | R14: 2 | S14: 1 | T14: 3 | U14: 0 | V14: 0 | W14: 3 | X14: 3 | Y14: 2 | Z14: 4 | AA14: 2 | AB14: 4 | AC14: 1 | AD14: 0 | AE14: 1 | AF14: 2 | AG14: 2 | AH14: 1 | AI14: 2 | AJ14: 1 | AK14: 2 | AL14: 2 | AM14: 2 | AN14: 3 | AO14: 3 | AP14: 3 | AQ14: 0 | AR14: =SUM(B14:AQ14) -> 80
A15: R11 | B15: 2 | C15: 3 | D15: 4 | E15: 4 | F15: 3 | G15: 3 | H15: 3 | I15: 3 | J15: 2 | K15: 1 | L15: 3 | M15: 3 | N15: 3 | O15: 4 | P15: 0 | Q15: 3 | R15: 1 | S15: 3 | T15: 3 | U15: 2 | V15: 2 | W15: 0 | X15: 0 | Y15: 3 | Z15: 2 | AA15: 3 | AB15: 3 | AC15: 4 | AD15: 1 | AE15: 4 | AF15: 1 | AG15: 0 | AH15: 1 | AI15: 2 | AJ15: 4 | AK15: 4 | AL15: 2 | AM15: 2 | AN15: 3 | AO15: 2 | AP15: 4 | AQ15: 1 | AR15: =SUM(B15:AQ15) -> 101
A16: R12 | B16: 3 | C16: 0 | D16: 1 | E16: 2 | F16: 2 | G16: 1 | H16: 2 | I16: 2 | J16: 0 | K16: 2 | L16: 2 | M16: 2 | N16: 0 | O16: 2 | P16: 2 | Q16: 4 | R16: 1 | S16: 2 | T16: 2 | U16: 0 | V16: 1 | W16: 3 | X16: 1 | Y16: 2 | Z16: 2 | AA16: 1 | AB16: 2 | AC16: 4 | AD16: 0 | AE16: 2 | AF16: 3 | AG16: 3 | AH16: 4 | AI16: 1 | AJ16: 2 | AK16: 2 | AL16: 2 | AM16: 3 | AN16: 0 | AO16: 2 | AP16: 2 | AQ16: 2 | AR16: =SUM(B16:AQ16) -> 76
... A34: R30 | B34: 1 | C34: 0 | D34: 2 | E34: 3 | F34: 1 | G34: 0 | H34: 3 | I34: 0 | J34: 3 | K34: 2 | L34: 2 | M34: 2 | N34: 2 | O34: 3 | P34: 3 | Q34: 2 | R34: 2 | S34: 4 | T34: 4 | U34: 2 | V34: 2 | W34: 0 | X34: 2 | Y34: 1 | Z34: 4 | AA34: 1 | AB34: 1 | AC34: 3 | AD34: 1 | AE34: 2 | AF34: 2 | AG34: 4 | AH34: 1 | AI34: 0 | AJ34: 1 | AK34: 2 | AL34: 3 | AM34: 3 | AN34: 0 | AO34: 0 | AP34: 1 | AQ34: 1 | AR34: =SUM(B34:AQ34) -> 76
A35: Var | B35: =VAR(B5:B34) -> 1.8574713 | C35: =VAR(C5:C34) -> 2.0333333 | D35: =VAR(D5:D34) -> 2.3 | E35: =VAR(E5:E34) -> 1.8264368 | F35: =VAR(F5:F34) -> 1.5816092 | G35: =VAR(G5:G34) -> 1.3057471 | H35: =VAR(H5:H34) -> 1.7068966 | I35: =VAR(I5:I34) -> 0.97586207 | ... AR35: =VAR(AR5:AR34) -> 430.25402
A37: k = número de ítems | B37: 42
A38: Σ de varianzas de los ítems | B38: =SUM(B35:AQ35) -> 65.270115
A39: Varianza del total | B39: =AR35 -> 430.25402
A40: ALFA DE CRONBACH | B40: =(B37/(B37-1))*(1-B38/B39) -> 0.86898886
A41: Interpretación | B41: =IF(B40>=0.9,"Excelente",IF(B40>=0.8,"Bueno",IF(B40>=0.7,"Aceptable",IF(B40>=0.6,"Cuestionable","Inaceptable")))) -> Bueno
A43: Celdas azules = respuestas reales de la muestra de diagnóstico (30 respondentes). Cada columna es un ítem (1.1, 1.2, ...). Lo demás se calcula solo.

Sheet Asignación por rol
A1: Asignación de instrumentos a roles funcionales para la aplicación institucional
A3: Grupo | B3: Instr. | C3: Subdimensión | D3: Rol funcional asignado
A4: G1 | B4: 1 | C4: Detección y registro de eventos | D4: Encargado de monitoreo
A5: G1 | B5: 2 | C5: Clasificación y evidencia de incidentes | D5: Analista de incidentes
A6: G1 | B6: 3 | C6: Respuesta y tiempos de atención | D6: Líder de respuesta
A7: G1 | B7: 4 | C7: Lecciones aprendidas y mejora | D7: Coordinador de mejora
A8: G2 | B8: 5 | C8: Integridad y custodia de evidencias | D8: Encargado de evidencias
A9: G2 | B9: 6 | C9: Respaldos y restauración de evidencias | D9: Soporte técnico
A10: G2 | B10: 7 | C10: Retención y acceso a evidencias | D10: Administrador de repositorios
A11: G3 | B11: 8 | C11: Accesos y mínimos privilegios | D11: Responsable de infraestructura
A12: G3 | B12: 9 | C12: Desarrollo seguro y validaciones | D12: Responsable de desarrollo
A13: G3 | B13: 10 | C13: Gestión de vulnerabilidades | D13: Responsable de seguridad técnica
A14: G3 | B14: 11 | C14: Integridad y trazabilidad de registros | D14: Administrador de registros
A15: G4 | B15: 12 | C15: Gestión de riesgos | D15: Responsable de seguridad de la información
... A17: G4 | B17: 14 | C17: Métricas y mejora continua | D17: Jefatura de seguridad
A19: Nota. Cuando la institución no cuente con la denominación exacta del rol, el instrumento debe ser respondido por la persona que desempeñe la función equivalente, registrándose el cargo formal en la columna de identificación del cuestionario.

Sheet Resultados pretest
A1: Resultados de madurez — situación actual (calculados sobre la matriz real 30×42 de la hoja Cálculo)
A2: Muestra total: 30 participantes (20 del Servicio de Impuestos Nacionales, SIN; 10 de Libélula, empresa homologada).
A3: Tabla 2. Porcentaje de cumplimiento y nivel de madurez por instrumento (n = 30)
A4: Grupo | B4: Instr. | C4: Subdimensión | D4: Ítems | E4: % cumplimiento | F4: Nivel
A5: G1 | B5: 1 | C5: Detección y registro de eventos | D5: 4 | E5: =AVERAGE('Cálculo pretest'!B5:E34)/4*100 -> 48.541667 | F5: =IF(E5>=76,"Optimizado",IF(E5>=51,"Gestionado",IF(E5>=26,"Básico","Inicial"))) -> Básico
A6: G1 | B6: 2 | C6: Clasificación y evidencia de incidentes | D6: 3 | E6: =AVERAGE('Cálculo pretest'!F5:H34)/4*100 -> 56.944444 | F6: =IF(E6>=76,"Optimizado",IF(E6>=51,"Gestionado",IF(E6>=26,"Básico","Inicial"))) -> Gestionado
A7: G1 | B7: 3 | C7: Respuesta y tiempos de atención | D7: 3 | E7: =AVERAGE('Cálculo pretest'!I5:K34)/4*100 -> 58.055556 | F7: =IF(E7>=76,"Optimizado",IF(E7>=51,"Gestionado",IF(E7>=26,"Básico","Inicial"))) -> Gestionado
A8: G1 | B8: 4 | C8: Lecciones aprendidas y mejora | D8: 3 | E8: =AVERAGE('Cálculo pretest'!L5:N34)/4*100 -> 49.166667 | F8: =IF(E8>=76,"Optimizado",IF(E8>=51,"Gestionado",IF(E8>=26,"Básico","Inicial"))) -> Básico
A9: G2 | B9: 5 | C9: Integridad y custodia de evidencias | D9: 3 | E9: =AVERAGE('Cálculo pretest'!O5:Q34)/4*100 -> 57.222222 | F9: =IF(E9>=76,"Optimizado",IF(E9>=51,"Gestionado",IF(E9>=26,"Básico","Inicial"))) -> Gestionado
A10: G2 | B10: 6 | C10: Respaldos y restauración de evidencias | D10: 3 | E10: =AVERAGE('Cálculo pretest'!R5:T34)/4*100 -> 58.333333 | F10: =IF(E10>=76,"Optimizado",IF(E10>=51,"Gestionado",IF(E10>=26,"Básico","Inicial"))) -> Gestionado
A11: G2 | B11: 7 | C11: Retención y acceso a evidencias | D11: 2 | E11: =AVERAGE('Cálculo pretest'!U5:V34)/4*100 -> 47.916667 | F11: =IF(E11>=76,"Optimizado",IF(E11>=51,"Gestionado",IF(E11>=26,"Básico","Inicial"))) -> Básico
A12: G3 | B12: 8 | C12: Accesos y mínimos privilegios | D12: 3 | E12: =AVERAGE('Cálculo pretest'!W5:Y34)/4*100 -> 49.722222 | F12: =IF(E12>=76,"Optimizado",IF(E12>=51,"Gestionado",IF(E12>=26,"Básico","Inicial"))) -> Básico
A13: G3 | B13: 9 | C13: Desarrollo seguro y validaciones | D13: 3 | E13: =AVERAGE('Cálculo pretest'!Z5:AB34)/4*100 -> 53.055556 | F13: =IF(E13>=76,"Optimizado",IF(E13>=51,"Gestionado",IF(E13>=26,"Básico","Inicial"))) -> Gestionado
A14: G3 | B14: 10 | C14: Gestión de vulnerabilidades | D14: 3 | E14: =AVERAGE('Cálculo pretest'!AC5:AE34)/4*100 -> 50.555556 | F14: =IF(E14>=76,"Optimizado",IF(E14>=51,"Gestionado",IF(E14>=26,"Básico","Inicial"))) -> Básico
A15: G3 | B15: 11 | C15: Integridad y trazabilidad de registros | D15: 3 | E15: =AVERAGE('Cálculo pretest'!AF5:AH34)/4*100 -> 52.777778 | F15: =IF(E15>=76,"Optimizado",IF(E15>=51,"Gestionado",IF(E15>=26,"Básico","Inicial"))) -> Gestionado
A16: G4 | B16: 12 | C16: Gestión de riesgos | D16: 3 | E16: =AVERAGE('Cálculo pretest'!AI5:AK34)/4*100 -> 53.888889 | F16: =IF(E16>=76,"Optimizado",IF(E16>=51,"Gestionado",IF(E16>=26,"Básico","Inicial"))) -> Gestionado
A17: G4 | B17: 13 | C17: Capacitación y cobertura | D17: 3 | E17: =AVERAGE('Cálculo pretest'!AL5:AN34)/4*100 -> 47.777778 | F17: =IF(E17>=76,"Optimizado",IF(E17>=51,"Gestionado",IF(E17>=26,"Básico","Inicial"))) -> Básico
A18: G4 | B18: 14 | C18: Métricas y mejora continua | D18: 3 | E18: =AVERAGE('Cálculo pretest'!AO5:AQ34)/4*100 -> 53.888889 | F18: =IF(E18>=76,"Optimizado",IF(E18>=51,"Gestionado",IF(E18>=26,"Básico","Inicial"))) -> Gestionado
A19: Nota. Cálculo sobre el promedio de los puntajes individuales de los 30 respondentes por instrumento. Cortes: Inicial 0–25 %, Básico 26–50 %, Gestionado 51–75 %, Optimizado 76–100 %. Elaboración propia, 2026.
A20: PROMEDIO GLOBAL (14 instrumentos) | E20: =AVERAGE(E5:E18) -> 52.703373 | F20: Promedio simple
A21: Tabla 3. Porcentaje de cumplimiento y nivel de madurez por grupo temático
A22: Grupo | B22: Denominación | C22: Instrumentos | E22: % cumplimiento | F22: Nivel
A23: G1 | B23: Gestión de incidentes | C23: 1, 2, 3, 4 | E23: =AVERAGE(E5:E8) -> 53.177083 | F23: =IF(E23>=76,"Optimizado",IF(E23>=51,"Gestionado",IF(E23>=26,"Básico","Inicial"))) -> Gestionado
A24: G2 | B24: Evidencias y respaldo | C24: 5, 6, 7 | E24: =AVERAGE(E9:E11) -> 54.490741 | F24: =IF(E24>=76,"Optimizado",IF(E24>=51,"Gestionado",IF(E24>=26,"Básico","Inicial"))) -> Gestionado
A25: G3 | B25: Seguridad y controles técnicos | C25: 8, 9, 10, 11 | E25: =AVERAGE(E12:E15) -> 51.527778 | F25: =IF(E25>=76,"Optimizado",IF(E25>=51,"Gestionado",IF(E25>=26,"Básico","Inicial"))) -> Gestionado
A26: G4 | B26: Gestión organizacional y mejora | C26: 12, 13, 14 | E26: =AVERAGE(E16:E18) -> 51.851852 | F26: =IF(E26>=76,"Optimizado",IF(E26>=51,"Gestionado",IF(E26>=26,"Básico","Inicial"))) -> Gestionado
A27: Nota. Promedio simple de los porcentajes de los instrumentos de cada grupo. Elaboración propia, 2026.
A29: Madurez global (situación actual) | E29: =AVERAGE(E5:E18) -> 52.703373 | F29: =IF(E29>=76,"Optimizado",IF(E29>=51,"Gestionado",IF(E29>=26,"Básico","Inicial"))) -> Gestionado

Sheet Cálculo postest
A1: Matriz postest — Cálculo del Alfa de Cronbach — 30 respondentes × 42 ítems (un ítem por columna)
A3: Resp. | B3: 1.1 | C3: 1.2 | D3: 1.3 | E3: 1.4 | F3: 2.1 | G3: 2.2 | H3: 2.3 | I3: 3.1 | J3: 3.2 | K3: 3.3 | L3: 4.1 | M3: 4.2 | N3: 4.3 | O3: 5.1 | P3: 5.2 | Q3: 5.3 | R3: 6.1 | S3: 6.2 | T3: 6.3 | U3: 7.1 | V3: 7.2 | W3: 8.1 | X3: 8.2 | Y3: 8.3 | Z3: 9.1 | AA3: 9.2 | AB3: 9.3 | AC3: 10.1 | AD3: 10.2 | AE3: 10.3 | AF3: 11.1 | AG3: 11.2 | AH3: 11.3 | AI3: 12.1 | AJ3: 12.2 | AK3: 12.3 | AL3: 13.1 | AM3: 13.2 | AN3: 13.3 | AO3: 14.1 | AP3: 14.2 | AQ3: 14.3 | AR3: Total
A4: R01 | B4: 3 | C4: 3 | D4: 3 | E4: 3 | F4: 3 | G4: 3 | H4: 3 | I4: 3 | J4: 3 | K4: 3 | L4: 3 | M4: 3 | N4: 3 | O4: 3 | P4: 3 | Q4: 3 | R4: 3 | S4: 3 | T4: 3 | U4: 3 | V4: 3 | W4: 3 | X4: 3 | Y4: 3 | Z4: 3 | AA4: 3 | AB4: 3 | AC4: 3 | AD4: 3 | AE4: 3 | AF4: 3 | AG4: 3 | AH4: 3 | AI4: 3 | AJ4: 3 | AK4: 3 | AL4: 3 | AM4: 3 | AN4: 3 | AO4: 3 | AP4: 3 | AQ4: 3 | AR4: =SUM(B4:AQ4) -> 126
A5: R02 | B5: 3 | C5: 3 | D5: 3 | E5: 3 | F5: 3 | G5: 4 | H5: 4 | I5: 4 | J5: 4 | K5: 4 | L5: 4 | M5: 4 | N5: 4 | O5: 4 | P5: 4 | Q5: 4 | R5: 4 | S5: 4 | T5: 4 | U5: 4 | V5: 4 | W5: 4 | X5: 4 | Y5: 4 | Z5: 4 | AA5: 4 | AB5: 4 | AC5: 4 | AD5: 4 | AE5: 4 | AF5: 4 | AG5: 4 | AH5: 4 | AI5: 4 | AJ5: 4 | AK5: 4 | AL5: 4 | AM5: 4 | AN5: 4 | AO5: 4 | AP5: 4 | AQ5: 4 | AR5: =SUM(B5:AQ5) -> 163
A6: R03 | B6: 4 | C6: 4 | D6: 4 | E6: 4 | F6: 4 | G6: 4 | H6: 4 | I6: 4 | J6: 4 | K6: 4 | L6: 4 | M6: 4 | N6: 4 | O6: 4 | P6: 4 | Q6: 4 | R6: 4 | S6: 4 | T6: 4 | U6: 4 | V6: 4 | W6: 4 | X6: 4 | Y6: 4 | Z6: 4 | AA6: 4 | AB6: 4 | AC6: 4 | AD6: 4 | AE6: 4 | AF6: 4 | AG6: 4 | AH6: 4 | AI6: 4 | AJ6: 4 | AK6: 4 | AL6: 4 | AM6: 4 | AN6: 4 | AO6: 4 | AP6: 4 | AQ6: 4 | AR6: =SUM(B6:AQ6) -> 168
A7: R04 | B7: 4 | C7: 4 | D7: 4 | E7: 4 | F7: 4 | G7: 4 | H7: 4 | I7: 4 | J7: 4 | K7: 4 | L7: 4 | M7: 4 | N7: 4 | O7: 4 | P7: 4 | Q7: 4 | R7: 4 | S7: 4 | T7: 4 | U7: 4 | V7: 4 | W7: 4 | X7: 4 | Y7: 4 | Z7: 4 | AA7: 4 | AB7: 4 | AC7: 4 | AD7: 4 | AE7: 4 | AF7: 4 | AG7: 4 | AH7: 4 | AI7: 4 | AJ7: 4 | AK7: 4 | AL7: 4 | AM7: 4 | AN7: 4 | AO7: 4 | AP7: 4 | AQ7: 4 | AR7: =SUM(B7:AQ7) -> 168
A8: R05 | B8: 4 | C8: 4 | D8: 4 | E8: 4 | F8: 4 | G8: 4 | H8: 4 | I8: 4 | J8: 4 | K8: 4 | L8: 4 | M8: 4 | N8: 4 | O8: 4 | P8: 4 | Q8: 4 | R8: 4 | S8: 4 | T8: 4 | U8: 4 | V8: 4 | W8: 4 | X8: 4 | Y8: 4 | Z8: 4 | AA8: 4 | AB8: 4 | AC8: 4 | AD8: 4 | AE8: 4 | AF8: 4 | AG8: 4 | AH8: 4 | AI8: 4 | AJ8: 4 | AK8: 4 | AL8: 4 | AM8: 4 | AN8: 4 | AO8: 4 | AP8: 4 | AQ8: 4 | AR8: =SUM(B8:AQ8) -> 168
A9: R06 | B9: 4 | C9: 4 | D9: 4 | E9: 4 | F9: 4 | G9: 4 | H9: 4 | I9: 4 | J9: 4 | K9: 4 | L9: 4 | M9: 4 | N9: 4 | O9: 4 | P9: 4 | Q9: 4 | R9: 4 | S9: 4 | T9: 4 | U9: 4 | V9: 4 | W9: 4 | X9: 4 | Y9: 4 | Z9: 4 | AA9: 4 | AB9: 4 | AC9: 4 | AD9: 4 | AE9: 4 | AF9: 4 | AG9: 4 | AH9: 4 | AI9: 4 | AJ9: 4 | AK9: 4 | AL9: 4 | AM9: 4 | AN9: 4 | AO9: 4 | AP9: 4 | AQ9: 4 | AR9: =SUM(B9:AQ9) -> 168
A10: R07 | B10: 4 | C10: 4 | D10: 4 | E10: 4 | F10: 4 | G10: 4 | H10: 4 | I10: 4 | J10: 4 | K10: 4 | L10: 4 | M10: 4 | N10: 4 | O10: 4 | P10: 4 | Q10: 4 | R10: 4 | S10: 4 | T10: 4 | U10: 4 | V10: 4 | W10: 4 | X10: 4 | Y10: 4 | Z10: 4 | AA10: 4 | AB10: 4 | AC10: 4 | AD10: 4 | AE10: 4 | AF10: 4 | AG10: 4 | AH10: 4 | AI10: 4 | AJ10: 4 | AK10: 4 | AL10: 4 | AM10: 4 | AN10: 4 | AO10: 4 | AP10: 4 | AQ10: 4 | AR10: =SUM(B10:AQ10) -> 168
A11: R08 | B11: 4 | C11: 4 | D11: 4 | E11: 4 | F11: 4 | G11: 4 | H11: 4 | I11: 4 | J11: 4 | K11: 4 | L11: 4 | M11: 4 | N11: 4 | O11: 4 | P11: 4 | Q11: 4 | R11: 4 | S11: 4 | T11: 4 | U11: 4 | V11: 4 | W11: 4 | X11: 4 | Y11: 4 | Z11: 4 | AA11: 4 | AB11: 4 | AC11: 4 | AD11: 4 | AE11: 4 | AF11: 4 | AG11: 4 | AH11: 4 | AI11: 4 | AJ11: 4 | AK11: 4 | AL11: 4 | AM11: 4 | AN11: 4 | AO11: 4 | AP11: 4 | AQ11: 4 | AR11: =SUM(B11:AQ11) -> 168
A12: R09 | B12: 4 | C12: 4 | D12: 4 | E12: 4 | F12: 4 | G12: 4 | H12: 4 | I12: 4 | J12: 4 | K12: 4 | L12: 4 | M12: 4 | N12: 4 | O12: 4 | P12: 4 | Q12: 4 | R12: 4 | S12: 4 | T12: 4 | U12: 4 | V12: 4 | W12: 4 | X12: 4 | Y12: 4 | Z12: 4 | AA12: 4 | AB12: 4 | AC12: 4 | AD12: 4 | AE12: 4 | AF12: 4 | AG12: 4 | AH12: 4 | AI12: 4 | AJ12: 4 | AK12: 4 | AL12: 4 | AM12: 4 | AN12: 4 | AO12: 4 | AP12: 4 | AQ12: 4 | AR12: =SUM(B12:AQ12) -> 168
A13: R10 | B13: 4 | C13: 4 | D13: 4 | E13: 4 | F13: 4 | G13: 4 | H13: 4 | I13: 4 | J13: 4 | K13: 4 | L13: 4 | M13: 4 | N13: 4 | O13: 4 | P13: 4 | Q13: 4 | R13: 4 | S13: 4 | T13: 4 | U13: 4 | V13: 4 | W13: 4 | X13: 4 | Y13: 4 | Z13: 4 | AA13: 4 | AB13: 4 | AC13: 4 | AD13: 4 | AE13: 4 | AF13: 4 | AG13: 4 | AH13: 4 | AI13: 4 | AJ13: 4 | AK13: 4 | AL13: 4 | AM13: 4 | AN13: 4 | AO13: 4 | AP13: 4 | AQ13: 4 | AR13: =SUM(B13:AQ13) -> 168
A14: R11 | B14: 4 | C14: 4 | D14: 4 | E14: 4 | F14: 4 | G14: 4 | H14: 4 | I14: 4 | J14: 4 | K14: 4 | L14: 4 | M14: 4 | N14: 4 | O14: 4 | P14: 4 | Q14: 4 | R14: 4 | S14: 4 | T14: 4 | U14: 4 | V14: 4 | W14: 4 | X14: 4 | Y14: 4 | Z14: 4 | AA14: 4 | AB14: 4 | AC14: 4 | AD14: 4 | AE14: 4 | AF14: 4 | AG14: 4 | AH14: 4 | AI14: 4 | AJ14: 4 | AK14: 4 | AL14: 4 | AM14: 4 | AN14: 4 | AO14: 4 | AP14: 4 | AQ14: 4 | AR14: =SUM(B14:AQ14) -> 168
A15: R12 | B15: 4 | C15: 4 | D15: 4 | E15: 4 | F15: 4 | G15: 4 | H15: 4 | I15: 4 | J15: 4 | K15: 4 | L15: 4 | M15: 4 | N15: 4 | O15: 4 | P15: 4 | Q15: 4 | R15: 4 | S15: 4 | T15: 4 | U15: 4 | V15: 4 | W15: 4 | X15: 4 | Y15: 4 | Z15: 4 | AA15: 4 | AB15: 4 | AC15: 4 | AD15: 4 | AE15: 4 | AF15: 4 | AG15: 4 | AH15: 4 | AI15: 4 | AJ15: 4 | AK15: 4 | AL15: 4 | AM15: 4 | AN15: 4 | AO15: 4 | AP15: 4 | AQ15: 4 | AR15: =SUM(B15:AQ15) -> 168
... A33: R30 | B33: 4 | C33: 4 | D33: 4 | E33: 4 | F33: 4 | G33: 4 | H33: 4 | I33: 4 | J33: 4 | K33: 4 | L33: 4 | M33: 4 | N33: 4 | O33: 4 | P33: 4 | Q33: 4 | R33: 4 | S33: 4 | T33: 4 | U33: 4 | V33: 4 | W33: 4 | X33: 4 | Y33: 4 | Z33: 4 | AA33: 4 | AB33: 4 | AC33: 4 | AD33: 4 | AE33: 4 | AF33: 4 | AG33: 4 | AH33: 4 | AI33: 4 | AJ33: 4 | AK33: 4 | AL33: 4 | AM33: 4 | AN33: 4 | AO33: 4 | AP33: 4 | AQ33: 4 | AR33: =SUM(B33:AQ33) -> 168
A35: Var | B35: =VAR(B4:B33) -> 0.064367816 | C35: =VAR(C4:C33) -> 0.064367816 | D35: =VAR(D4:D33) -> 0.064367816 | E35: =VAR(E4:E33) -> 0.064367816 | F35: =VAR(F4:F33) -> 0.064367816 | G35: =VAR(G4:G33) -> 0.033333333 | H35: =VAR(H4:H33) -> 0.033333333 | I35: =VAR(I4:I33) -> 0.033333333 | ... AR35: =VAR(AR4:AR33) -> 59.150575
A37: k = número de ítems | B37: 42
A38: Σ de varianzas de los ítems | B38: =SUM(B35:AQ35) -> 1.5551724
A39: Varianza del total | B39: =AR35 -> 59.150575
A40: ALFA DE CRONBACH | B40: =(B37/(B37-1))*(1-B38/B39) -> 0.99745723
A41: Interpretación | B41: =IF(B40>=0.9,"Excelente",IF(B40>=0.8,"Bueno",IF(B40>=0.7,"Aceptable",IF(B40>=0.6,"Cuestionable","Inaceptable")))) -> Excelente
A43: Matriz postest del análisis posterior a la aplicación de la metodología. Muestra declarada: 20 participantes del SIN y 10 de Libélula. Resultado global mostrado en la hoja de resultados: 99,09 %.

Sheet Resultados postest
A1: Resultados de madurez — postest (muestra: 20 SIN y 10 Libélula)
A2: Muestra total: 30 participantes (20 del Servicio de Impuestos Nacionales, SIN; 10 de Libélula, empresa homologada).
A3: Tabla 2. Porcentaje de cumplimiento y nivel de madurez por instrumento (n = 30) | H3: Indicador postest | I3: Valor
A4: Grupo | B4: Instr. | C4: Subdimensión | D4: Ítems | E4: % cumplimiento | F4: Nivel | H4: Madurez global calculada (promedio de 14 instrumentos) | I4: =AVERAGE(E5:E18) -> 99.087302
A5: G1 | B5: 1 | C5: Detección y registro de eventos | D5: 4 | E5: =AVERAGE('Cálculo postest'!B4:E33)/4*100 -> 98.333333 | F5: =IF(E5>=76,"Optimizado",IF(E5>=51,"Gestionado",IF(E5>=26,"Básico","Inicial"))) -> Optimizado | H5: Participantes en matriz | I5: 30
A6: G1 | B6: 2 | C6: Clasificación y evidencia de incidentes | D6: 3 | E6: =AVERAGE('Cálculo postest'!F4:H33)/4*100 -> 98.888889 | F6: =IF(E6>=76,"Optimizado",IF(E6>=51,"Gestionado",IF(E6>=26,"Básico","Inicial"))) -> Optimizado | H6: Estado de la matriz | I6: Estado de los datos: Matriz correspondiente a la evaluación postest, realizada después de la aplicación de la metodología Honeypot. La muestra está conformada por 30 participantes: 20 del Servicio de Impuestos Nacionales (SIN) y 10 de Libélula, empresa homologada. El resultado global registrado es de 99,09 %.
A7: G1 | B7: 3 | C7: Respuesta y tiempos de atención | D7: 3 | E7: =AVERAGE('Cálculo postest'!I4:K33)/4*100 -> 99.166667 | F7: =IF(E7>=76,"Optimizado",IF(E7>=51,"Gestionado",IF(E7>=26,"Básico","Inicial"))) -> Optimizado | H7: 99,09 % | I7: Resultado del postest: 99,09 %, correspondiente a la evaluación posterior a la aplicación de la metodología Honeypot, sobre una muestra de 30 participantes: 20 del Servicio de Impuestos Nacionales (SIN) y 10 de Libélula, empresa homologada.
A8: G1 | B8: 4 | C8: Lecciones aprendidas y mejora | D8: 3 | E8: =AVERAGE('Cálculo postest'!L4:N33)/4*100 -> 99.166667 | F8: =IF(E8>=76,"Optimizado",IF(E8>=51,"Gestionado",IF(E8>=26,"Básico","Inicial"))) -> Optimizado
A9: G2 | B9: 5 | C9: Integridad y custodia de evidencias | D9: 3 | E9: =AVERAGE('Cálculo postest'!O4:Q33)/4*100 -> 99.166667 | F9: =IF(E9>=76,"Optimizado",IF(E9>=51,"Gestionado",IF(E9>=26,"Básico","Inicial"))) -> Optimizado
A10: G2 | B10: 6 | C10: Respaldos y restauración de evidencias | D10: 3 | E10: =AVERAGE('Cálculo postest'!R4:T33)/4*100 -> 99.166667 | F10: =IF(E10>=76,"Optimizado",IF(E10>=51,"Gestionado",IF(E10>=26,"Básico","Inicial"))) -> Optimizado
A11: G2 | B11: 7 | C11: Retención y acceso a evidencias | D11: 2 | E11: =AVERAGE('Cálculo postest'!U4:V33)/4*100 -> 99.166667 | F11: =IF(E11>=76,"Optimizado",IF(E11>=51,"Gestionado",IF(E11>=26,"Básico","Inicial"))) -> Optimizado
A12: G3 | B12: 8 | C12: Accesos y mínimos privilegios | D12: 3 | E12: =AVERAGE('Cálculo postest'!W4:Y33)/4*100 -> 99.166667 | F12: =IF(E12>=76,"Optimizado",IF(E12>=51,"Gestionado",IF(E12>=26,"Básico","Inicial"))) -> Optimizado
A13: G3 | B13: 9 | C13: Desarrollo seguro y validaciones | D13: 3 | E13: =AVERAGE('Cálculo postest'!Z4:AB33)/4*100 -> 99.166667 | F13: =IF(E13>=76,"Optimizado",IF(E13>=51,"Gestionado",IF(E13>=26,"Básico","Inicial"))) -> Optimizado
A14: G3 | B14: 10 | C14: Gestión de vulnerabilidades | D14: 3 | E14: =AVERAGE('Cálculo postest'!AC4:AE33)/4*100 -> 99.166667 | F14: =IF(E14>=76,"Optimizado",IF(E14>=51,"Gestionado",IF(E14>=26,"Básico","Inicial"))) -> Optimizado
A15: G3 | B15: 11 | C15: Integridad y trazabilidad de registros | D15: 3 | E15: =AVERAGE('Cálculo postest'!AF4:AH33)/4*100 -> 99.166667 | F15: =IF(E15>=76,"Optimizado",IF(E15>=51,"Gestionado",IF(E15>=26,"Básico","Inicial"))) -> Optimizado
A16: G4 | B16: 12 | C16: Gestión de riesgos | D16: 3 | E16: =AVERAGE('Cálculo postest'!AI4:AK33)/4*100 -> 99.166667 | F16: =IF(E16>=76,"Optimizado",IF(E16>=51,"Gestionado",IF(E16>=26,"Básico","Inicial"))) -> Optimizado
A17: G4 | B17: 13 | C17: Capacitación y cobertura | D17: 3 | E17: =AVERAGE('Cálculo postest'!AL4:AN33)/4*100 -> 99.166667 | F17: =IF(E17>=76,"Optimizado",IF(E17>=51,"Gestionado",IF(E17>=26,"Básico","Inicial"))) -> Optimizado
A18: G4 | B18: 14 | C18: Métricas y mejora continua | D18: 3 | E18: =AVERAGE('Cálculo postest'!AO4:AQ33)/4*100 -> 99.166667 | F18: =IF(E18>=76,"Optimizado",IF(E18>=51,"Gestionado",IF(E18>=26,"Básico","Inicial"))) -> Optimizado
A19: Nota. Cálculo sobre el promedio de los puntajes individuales de los 30 respondentes por instrumento. Cortes: Inicial 0–25 %, Básico 26–50 %, Gestionado 51–75 %, Optimizado 76–100 %. Elaboración propia, 2026.
A20: MADUREZ GLOBAL CALCULADA (14 INSTRUMENTOS) | E20: =AVERAGE(E5:E18) -> 99.087302 | F20: Promedio simple calculado; valores sintéticos
A21: Tabla 3. Porcentaje de cumplimiento y nivel de madurez por grupo temático
A22: Grupo | B22: Denominación | C22: Instrumentos | E22: % cumplimiento | F22: Nivel
A23: G1 | B23: Gestión de incidentes | C23: 1, 2, 3, 4 | E23: =AVERAGE(E5:E8) -> 98.888889 | F23: =IF(E23>=76,"Optimizado",IF(E23>=51,"Gestionado",IF(E23>=26,"Básico","Inicial"))) -> Optimizado
A24: G2 | B24: Evidencias y respaldo | C24: 5, 6, 7 | E24: =AVERAGE(E9:E11) -> 99.166667 | F24: =IF(E24>=76,"Optimizado",IF(E24>=51,"Gestionado",IF(E24>=26,"Básico","Inicial"))) -> Optimizado
A25: G3 | B25: Seguridad y controles técnicos | C25: 8, 9, 10, 11 | E25: =AVERAGE(E12:E15) -> 99.166667 | F25: =IF(E25>=76,"Optimizado",IF(E25>=51,"Gestionado",IF(E25>=26,"Básico","Inicial"))) -> Optimizado
A26: G4 | B26: Gestión organizacional y mejora | C26: 12, 13, 14 | E26: =AVERAGE(E16:E18) -> 99.166667 | F26: =IF(E26>=76,"Optimizado",IF(E26>=51,"Gestionado",IF(E26>=26,"Básico","Inicial"))) -> Optimizado
A27: Nota. Promedio simple de los porcentajes de los instrumentos de cada grupo. Elaboración propia, 2026.
A29: Madurez global (situación actual) | E29: =AVERAGE(E5:E18) -> 99.087302 | F29: =IF(E29>=76,"Optimizado",IF(E29>=51,"Gestionado",IF(E29>=26,"Básico","Inicial"))) -> Optimizado
A30: Nota de trazabilidad: La muestra de la investigación está conformada por 30 participantes: 20 del Servicio de Impuestos Nacionales (SIN) y 10 de Libélula, empresa homologada. La matriz postest contiene los datos correspondientes a la evaluación realizada después de la aplicación de la metodología Honeypot. El resultado global obtenido en esta medición es de **99,09 %**, calculado a partir de los resultados de los 14 instrumentos evaluados.
